id,first_name,last_name,email,gender,ip_address
1.2,Cynthia,Bonhan,cbonhan0@goodreads.com,Female,150.148.247.113
2,Aurore,Jefferies,ajefferies1@npr.org,Female,176.217.201.24
3,Tom,Colafate,tcolafate2@bing.com,Male,74.211.190.2
4,Constantia,Rolley,crolley3@ucoz.com,Female,234.155.29.183
5.832323,Hughie,Arminger,harminger4@printfriendly.com,Male,244.2.243.240
6,Edythe,Wherrit,ewherrit5@spiegel.de,Female,139.165.150.36
7,Sapphira,Vian,svian6@theguardian.com,Female,186.17.80.86
8,Garik,Tooth,gtooth7@usatoday.com,Male,175.98.211.109
9,Flemming,Aysik,faysik8@usda.gov,Male,44.142.41.205
10,Arlette,Slayny,aslayny9@typepad.com,Female,172.167.164.170
11,Raff,Rawkesby,rrawkesbya@netscape.com,Male,73.72.117.173
12,Cymbre,Wintersgill,cwintersgillb@storify.com,Female,4.62.248.88
13,Waldemar,Entwhistle,wentwhistlec@nymag.com,Male,212.51.195.203
14,Isacco,Pedlow,ipedlowd@odnoklassniki.ru,Male,85.31.130.73
15,Ingra,Milington,imilingtone@privacy.gov.au,Male,150.253.168.27
16,Gregoire,Ledgeway,gledgewayf@livejournal.com,Male,90.23.16.40
17,Steffane,Rikel,srikelg@51.la,Female,175.88.247.253
18,Kippar,Swannack,kswannackh@alibaba.com,Male,218.13.47.96
19,Ora,Midden,omiddeni@live.com,Female,194.107.238.250
20,Mair,Hammerson,mhammersonj@tamu.edu,Female,0.13.19.9
21,Rossy,Grievson,rgrievsonk@booking.com,Male,84.129.210.120
22,Elliott,Marking,emarkingl@ameblo.jp,Male,171.216.171.47
23,Artemis,Pendlington,apendlingtonm@ucoz.ru,Male,178.150.170.206
24,Jeff,Cadamy,jcadamyn@altervista.org,Male,245.118.141.222
25,Raff,Keelinge,rkeelingeo@flavors.me,Male,81.175.81.92
